Category	SubCategory	Count	Items
air	AA	1	GFX_Anti_Air_Scythe
air	bomber	6	GFX_goal_generic_air_bomber_new	GFX_goal_generic_air_naval_bomber_new	GFX_goal_generic_air_naval_bomber2_new	GFX_goal_generic_air_strategic_bomber_new	GFX_goal_generic_air_tactical_bomber_new	GFX_goal_multiple_bombers
air	fighter	12	GFX_goal_generic_air_fighter_new	GFX_goal_generic_air_fighter2_new	GFX_goal_generic_air_heavy_fighter_new	GFX_goal_generic_air_heavy_fighter2_new	GFX_goal_america_goal_freedom_fighters	GFX_goal_fighters_germany	GFX_goal_fighters_italy	GFX_goal_fighters_japan	GFX_goal_fighters_soviet	GFX_goal_fighters_uk	GFX_goal_fighters_usa	GFX_GRU_fighter_focus
air	para	1	GFX_FRA_New_Airborne_Forces
air	rocket	3	GFX_goal_generic_rocket_artillery	GFX_goal_soviet_rocketry	GFX_SWE_Plan_Sunset_rockets
air	wing	8	GFX_goal_generic_air_command	GFX_goal_generic_air_wing	GFX_generic_air_command	GFX_goal_CHI_Chinese_National_Air_Force	GFX_goal_CHL_coa_air_force	GFX_goal_r56_goal_PRC_coa_air_force	GFX_goal_SWI_air_force	GFX_MON_air_force
army	allied	2	GFX_goal_generic_multinational_army	GFX_goal_NFA_foreign_legion
army	artillery	16	GFX_goal_generic_army_artillery	GFX_goal_generic_artillery_factories	GFX_goal_generic_artillery_improved	GFX_goal_generic_combined_arms_artillery_antiair_antitank	GFX_goal_generic_mobile_artillery_light	GFX_goal_generic_mobile_artillery_medium	GFX_goal_generic_railway_artillery	GFX_goal_generic_rocket_artillery	GFX_r56_goal_generic_artillery	GFX_focus_TRB_coin_and_cannon	GFX_focus_USS_artillery_harbinger	GFX_focus_USS_artillery_warlock	GFX_GER_Revolutionize_artillery_tactics	GFX_PRC_New_artillery	GFX_PRC_No_conscience_cannon	GFX_USS_artillery_harbinger
army	command	2	GFX_goal_generic_army_high_command	GFX_goal_RUS_National_High_Command_Formation_School
army	defense	2	GFX_goal_generic_national_defense_fund	GFX_goal_focus_national_defense
army	elite	4	GFX_goal_generic_army_elite	GFX_goal_generic_red_commando	GFX_CAN_special_forces	GFX_focus_USS_expand_special_forces
army	fort	15	GFX_goal_generic_bastion_of_democracy	GFX_goal_generic_fortification	GFX_goal_generic_fortify_aa	GFX_goal_generic_nested_fortifications	GFX_r56_goal_generic_defensive_position2	GFX_focus_RUS_generic_bastion_of_democracy	GFX_goal_america_fortress	GFX_goal_defensive_position2	GFX_goal_fortify_city_AA	GFX_goal_nested_fortifications	GFX_goal_skull_fortification	GFX_focus_MGU_COUP_arrogant_fortress	GFX_focus_TGI_fortress_on_border	GFX_focus_USS_southern_fortress	GFX_Mobile_Fortress
army	guerrilla	12	GFX_goal_generic_left_militia	GFX_goal_generic_partisans	GFX_goal_TRB_militia	GFX_focus_NGL_the_problem_of_guerrillas	GFX_focus_TGI_expand_guerrillas	GFX_focus_TGI_guerrilla_country	GFX_focus_TGI_guerrilla_problem	GFX_focus_TGI_unswerving_guerrillas	GFX_focus_USS_continue_suppress_guerrillas	GFX_FRA_GFN_Hare_Guerrilla_Warfare	GFX_FRA_Integrate_local_militias	GFX_PRC_Guerrilla_tactics
army	infantry	17	GFX_goal_generic_break_rifle	GFX_goal_generic_spanish_civil_war_soldier	GFX_r56_goal_generic_infantry_flames	GFX_goal_agrarian_soldiers	GFX_goal_focus_chinese_red_soldier	GFX_goal_focus_whampoa_rifle	GFX_goal_infantry_flames	GFX_goal_infantry_offensive	GFX_goal_KSV_for_the_soldier	GFX_goal_machine_gun	GFX_goal_small_infantry	GFX_goal_SOV_naval_infantry	GFX_goal_zhang_rifle	GFX_focus_TGI_our_soldiers	GFX_focus_TGI_soldiers	GFX_focus_TGI_soldiers_apart_of_fight	GFX_Machete_And_Rifle
army	marine	6	GFX_goal_generic_marines2	GFX_goal_generic_submarine	GFX_goal_focus_chinese_submarines	GFX_goal_recreate_the_kuk_kriegsmarine	GFX_goal_SOV_naval_infantry	GFX_GRU_submarine_focus
army	morale	2	GFX_goal_generic_morale_bonus	GFX_goal_morale_bonus
army	mountain	2	GFX_goal_generic_mountain_warfare	GFX_goal_generic_mountain_warfare2
army	offense	1	GFX_goal_generic_break_army
army	purge	1	GFX_goal_generic_army_purges
army	recruit	10	GFX_goal_generic_army_mobilization	GFX_goal_generic_army_mobilization2	GFX_goal_generic_recruitment	GFX_goal_CAL_aggressive_conscription	GFX_goal_class_a_reservists	GFX_goal_extensive_conscription_communism	GFX_goal_extensive_conscription_fascism	GFX_goal_national_mobilization	GFX_focus_TGI_old_fashion_conscription_law	GFX_GRU_mass_conscription
army	tank	36	GFX_goal_generic_armored_car_offensive	GFX_goal_generic_army_tanks3	GFX_goal_generic_combined_arms_artillery_antiair_antitank	GFX_goal_generic_license_tanks	GFX_goal_generic_tank_destroyer_2	GFX_goal_generic_tank_map	GFX_r56_goal_generic_mechanized_offensive	GFX_r56_goal_generic_tank_map	GFX_generic_mechanized_wave	GFX_generic_tank_cogs	GFX_goal_American_Armor	GFX_goal_anti_tank	GFX_goal_aoqiao_panzer	GFX_goal_CAL_Power_Armor	GFX_goal_JAP_tank	GFX_goal_japanese_tank_import	GFX_goal_mechanized_offensive	GFX_goal_new_generation_of_tanks	GFX_goal_POL_tank_hunt	GFX_goal_POL_tank_map	GFX_goal_tank_hunt	GFX_goal_tank_map	GFX_goal_tank_offensive	GFX_aoqiao_panzer	GFX_AUS_Research_on_new_types_of_armor	GFX_Big_Foot_Tank	GFX_focus_LAN_tank_2	GFX_focus_USS_heavy_armor_windigo	GFX_ger_heavy_tanks	GFX_GER_panzergrenadier
army	tech	5	GFX_goal_generic_military_research	GFX_goal_generic_military_research_2	GFX_goal_generic_warfighting_technology	GFX_focus_secret_rearmament	GFX_FRA_Kappa_Heavy_Industries_Institute_of_Armaments
army	training	3	GFX_focus_NGL_military_academy	GFX_focus_USS_huge_military_exercise	GFX_PRC_Military_academy
econ	agriculture	42	GFX_goal_focus_generic_agriculture	GFX_goal_generic_agrarian_reform	GFX_goal_generic_agriculture	GFX_goal_generic_agriculture2	GFX_goal_Generic_China_Uplift_Peasants	GFX_goal_generic_Coffee_Plantations	GFX_goal_generic_farm_tractor	GFX_goal_generic_farming	GFX_goal_generic_peasant_army	GFX_goal_generic_peasant_commitees	GFX_goal_generic_price_controls	GFX_goal_generic_wheat	GFX_r56_goal_generic_farm_tractor	GFX_generic_price_controls	GFX_goal_agrarian_reform	GFX_goal_agrarian_soldiers	GFX_goal_ALB_Albanian_Farmers	GFX_goal_AUS_agriculture	GFX_goal_focus_feed_the_peasants	GFX_goal_magic_agriculture	GFX_goal_RUS_Prosperity_For_Peasants	GFX_goal_SOV_agricultural_aid	GFX_agrarian_socialism	GFX_agriculture	GFX_CHI_focus_subsidise_subsistence_farmers	GFX_Cotton_And_Dignity	GFX_focus_AUS_agriculture	GFX_focus_NGL_imperial_agriculture	GFX_focus_NGL_more_farmland	GFX_focus_NGL_surplus_grain_collection
econ	finance	23	GFX_goal_generic_commie_investments	GFX_goal_generic_financial_markets	GFX_goal_generic_foreign_investments	GFX_generic_financial_markets	GFX_goal_BRY_Support_Capitalists	GFX_goal_CSA_Liberate_Masses_From_Capitalist_Exploitation	GFX_goal_industrial_investment	GFX_goal_LIB_the_plan_of_lunar_capital	GFX_goal_SOV_overthrow_capital	GFX_goal_stock_exchange	GFX_goal_TRB_communism_beat_capitalism	GFX_goal_TRM_Scientific_Investment	GFX_goal_WCC_punish_capital	GFX_CHI_focus_Expanding_foreign_investment	GFX_CHI_focus_make_way_for_national_capital	GFX_focus_JAP_attracting_foreign_capital	GFX_focus_JAP_economic_zone	GFX_focus_NGL_attracting_investment	GFX_FRA_Human_Village_financial_capital	GFX_FRA_social_responsibility_of_capitalists	GFX_FRA_Supervise_the_capitalists	GFX_kaz_investment_industry	GFX_vnc_investment_military
econ	growth	2	GFX_goal_generic_growing_economy	GFX_goal_USA_america_economic_miracle
econ	labor	14	GFX_goal_generic_labor_regulation	GFX_goal_collaborate_local_elites	GFX_goal_MAF_labor_charter	GFX_goal_NEE_New_Labor_Movement	GFX_goal_RUS_labour	GFX_CHI_focus_organise_trade_union	GFX_collaborate_local_elites	GFX_focus_NGL_infected_labor_act	GFX_focus_TGI_reformation_for_labor_act	GFX_GER_Air_ground_collaboration	GFX_GER_Collaborative_training	GFX_GRU_worker_rights	GFX_requisition_labor	GFX_SWE_Restructuring_of_trade_unions
econ	land	6	GFX_goal_generic_agrarian_reform	GFX_generic_land_reform	GFX_goal_agrarian_reform	GFX_BAY_land_reform	GFX_focus_POL_agrarian_reform	GFX_MAN_Widely_cultivated_tea
econ	reform	7	GFX_goal_generic_balanced_budget	GFX_goal_generic_landowner_tax_cuts	GFX_DVL_Control_laws_of_economic_development	GFX_focus_TGI_abolish_agricultural_tax	GFX_GEU_Rudolph_Economic_Plan	GFX_GEU_STAXI	GFX_UAL_more_taxation
econ	trade	20	GFX_goal_generic_arms_export	GFX_goal_generic_positive_trade_relations_gold	GFX_goal_generic_trade_interdiction	GFX_generic_positive_trade_relations_gold	GFX_goal_free_trade	GFX_goal_japanese_tank_import	GFX_CHI_focus_organise_trade_union	GFX_CHI_focus_Protecting_maritime_trade	GFX_DVL_Anzi_Confederate_Trade_Fair	GFX_focus_JAP_trade_gate	GFX_focus_NGL_attach_importance_to_power_of_people	GFX_focus_NGL_new_trade_network	GFX_focus_TRB_focus_sea_trade	GFX_focus_TRB_sea_trade	GFX_focus_TRB_trade_center	GFX_focus_USS_rebuild_trade_system	GFX_focus_USS_reopen_trade	GFX_kbz_angels_trade	GFX_SWE_Restructuring_of_trade_unions	GFX_vnc_chamber_of_commerce
econ	welfare	38	GFX_goal_generic_aristocratic_cooperation	GFX_goal_generic_decrease_unemployment	GFX_goal_generic_seperation	GFX_focus_generic_decrease_unemployment	GFX_goal_BAN_army_cooperation	GFX_goal_DKB_Liberation_Army	GFX_goal_new_generation_of_tanks	GFX_goal_NFA_All_For_the_Liberation	GFX_goal_research_silver_cooperation	GFX_goal_RUS_A_New_Generation	GFX_CHI_focus_CHI_GER_cooperation	GFX_CHI_focus_Improving_social_security	GFX_czech_immigration	GFX_DVL_Bavarian_Pre_war_preparations	GFX_DVL_Rhineland_Pre_war_preparations	GFX_DVL_Schleswig_Holstein_Pre_war_preparations	GFX_focus_BAL_battle_maiden_operations_manual	GFX_focus_manufacturers_cooperation	GFX_focus_neptune_integration_of_four_churches	GFX_focus_NPT_declaration_of_revenge	GFX_focus_TGI_cooperation_with_non_infected	GFX_focus_TGI_make_preparation	GFX_focus_TGI_proper_integration_is_good	GFX_focus_TUR_aegean_federation	GFX_form_south_german_federation	GFX_FRA_Special_operations_are_normalized	GFX_FRA_Start_integration_process	GFX_GER_Air_ground_collaboration	GFX_GER_Guard_against_ideological_infiltration	GFX_LUG_Witch_Cult_Purge_Operation
industry	auto	4	GFX_goal_generic_automobile	GFX_goal_TRB_motorization	GFX_FRA_military_horn_struck_gold_come	GFX_Iron_Plate_On_Trucks
industry	build	11	GFX_goal_focus_focus_generic_construction_military_small	GFX_goal_focus_generic_construction_repair	GFX_goal_generic_construction_engineering	GFX_goal_generic_construction_tools	GFX_goal_generic_construction3	GFX_focus_generic_public_works_A	GFX_generic_german_construction	GFX_generic_railway_construction	GFX_goal_focus_carrier_construction	GFX_focus_NGL_reconstruction_of_gaul	GFX_focus_NGL_reconstruction_of_industrial_areas
industry	factory	30	GFX_goal_generic_industrial_democracy	GFX_goal_generic_industrial_plan	GFX_goal_generic_industrial_planning	GFX_goal_generic_industrial_unionism	GFX_goal_aggressive_industrialisation	GFX_goal_BBR_industrializing_land	GFX_goal_CSA_all_industrial_congress	GFX_goal_industrial_investment	GFX_goal_ITA_industrial	GFX_goal_SOV_industrializing_land	GFX_CHI_focus_industrialisation_of_China	GFX_focus_NGL_industrial_recovery	GFX_focus_NGL_reconstruction_of_industrial_areas	GFX_focus_TGI_far_east_industrial_center	GFX_focus_USS_rebuild_industrial_system	GFX_TRY_industrial_focus_1_icon	GFX_TRY_industrial_focus_10_icon	GFX_TRY_industrial_focus_11_icon	GFX_TRY_industrial_focus_12_icon	GFX_TRY_industrial_focus_13_icon	GFX_TRY_industrial_focus_14_icon	GFX_TRY_industrial_focus_2_icon	GFX_TRY_industrial_focus_3_icon	GFX_TRY_industrial_focus_4_icon	GFX_TRY_industrial_focus_5_icon	GFX_TRY_industrial_focus_6_icon	GFX_TRY_industrial_focus_7_icon	GFX_TRY_industrial_focus_8_icon	GFX_TRY_industrial_focus_9_icon	GFX_vnc_industrial_restructuring
industry	housing	6	GFX_goal_generic_build_housing	GFX_goal_generic_construct_public_housing	GFX_goal_generic_housing	GFX_goal_generic_urban_warfare	GFX_generic_build_housing	GFX_goal_SOV_rural_urban_fringe
industry	machine	6	GFX_goal_generic_construction_engineering	GFX_goal_generic_engineering	GFX_goal_generic_machinery	GFX_goal_SOV_research_automatic_machinery	GFX_FRA_Automechanical_research	GFX_goalSOV_research_automatic_machinery
industry	power	4	GFX_goal_generic_power_plant	GFX_goal_generic_power_plant2	GFX_generic_electricity	GFX_goal_power_plant
industry	rail	11	GFX_goal_generic_railroad	GFX_goal_generic_railway_artillery	GFX_goal_generic_seize_railway	GFX_generic_railway_construction	GFX_generic_seize_railway	GFX_goal_MON_dev_sib_railway	GFX_goal_RJE_JAP_sea_railway	GFX_goal_RUS_Privatize_Railroad	GFX_focus_BUL_state_railways	GFX_focus_TGI_railway_across_USAS	MGU_yuki_railway
industry	road	16	GFX_goal_generic_railroad	GFX_goal_generic_road	GFX_goal_generic_road2	GFX_goal_generic_road3	GFX_goal_Maritime_Silkroad_2	GFX_goal_NEE_interstate_highway	GFX_goal_POL_national_highway_system	GFX_goal_RUS_Privatize_Railroad	GFX_goal_TRB_road_in_the_left	GFX_goal_TRB_which_road_in_the_left	GFX_CHI_focus_reopen_silk_road	GFX_focus_NPT_neptune_crossroads	GFX_focus_USS_reservation_road	GFX_kbz_road_plan	GFX_UAL_revolutionary_broadcasting	MGU_yuki_highway
industry	water	9	GFX_goal_water	GFX_Boiling_Amazon_Water	GFX_focus_NGL_that_damned_emperor	GFX_focus_NPT_watermelon	GFX_focus_TGI_a_real_damn_army	GFX_focus_TGI_move_to_the_damn_enemy	GFX_FRA_Water_fertile_fields_with_enemy_filthy_blood	GFX_kaz_defense_city_damashige	GFX_Muddy_Water_Flow
navy	battleship	5	GFX_goal_generic_battleship	GFX_goal_generic_navy_battleship3alt	GFX_generic_naval_battleship2	GFX_generic_navy_battleship3alt	GFX_focus_TRB_focus_battleship
navy	carrier	5	GFX_goal_generic_carrier_aircraft	GFX_generic_carrier_aircraft	GFX_generic_naval_carrier2	GFX_goal_carrier	GFX_goal_focus_carrier_construction
navy	invasion	2	GFX_goal_generic_landing_craft	GFX_Amphibious_Assault
navy	liberty	2	GFX_goal_liberty_ships	GFX_USA_goal_liberty_ships
navy	naval_air	4	GFX_goal_generic_air_naval_bomber_new	GFX_goal_generic_air_naval_bomber2_new	GFX_goal_generic_carrier_aircraft	GFX_generic_carrier_aircraft
navy	navy	5	GFX_goal_generic_blue_navy	GFX_goal_generic_naval_academy	GFX_goal_generic_navigate_the_seas	GFX_goal_coastal_navy	GFX_goal_sea_navy
navy	port	2	GFX_goal_generic_naval_base	GFX_goal_LIC_austrian_customs
navy	shipbuild	4	GFX_goal_generic_expand_the_naval_industry	GFX_focus_generic_shipbuilding	GFX_generic_naval_industry	GFX_The_Shipyard_In_Bay
navy	submarine	4	GFX_goal_generic_submarine	GFX_goal_focus_chinese_submarines	GFX_GRU_submarine_focus	GFX_wolfpack_under_sea
politics	betray	3	GFX_goal_generic_backstab	GFX_goal_backstab	GFX_kaz_betrayal_of_cronies
politics	colonial	2	GFX_goal_New_Mandate_of_heaven	GFX_FRA_neocolonialism
politics	communist	68	GFX_generic_goal_communist_reforms	GFX_goal_generic_anti_communism	GFX_goal_generic_attack_communists	GFX_goal_generic_befriend_albania_communist	GFX_goal_generic_befriend_bulgaria_communist	GFX_goal_generic_befriend_greece_communist	GFX_goal_generic_befriend_indochina_communist	GFX_goal_generic_befriend_romania_communist	GFX_goal_generic_befriend_yugoslavia_communist	GFX_goal_generic_communism	GFX_goal_generic_communist_economy	GFX_goal_generic_communist_government	GFX_goal_generic_communist_government2	GFX_goal_generic_communist_industries	GFX_goal_generic_communist_loyalty	GFX_goal_generic_communist_officer	GFX_goal_generic_communist_pride	GFX_goal_generic_communist_revolt	GFX_goal_generic_communist_secret_police	GFX_goal_generic_council_communism	GFX_goal_generic_dictatorship_of_proletariat	GFX_goal_generic_join_comintern	GFX_goal_generic_marxist_enlightenment	GFX_goal_generic_revolutionary_guards	GFX_goal_generic_socialism_fist	GFX_goal_generic_socialist_democracy	GFX_goal_SOV_generic_socialist_action	GFX_focus_generic_attack_communist_spain_focus	GFX_focus_generic_befriend_communist_spain_focus	GFX_focus_generic_russian_deal_communist
politics	corruption	6	GFX_goal_generic_investigate_corruption	GFX_goal_DOM_End_Judicial_Corruption	GFX_goal_investigate_magic_card	GFX_focus_SGL_special_investigation_team	GFX_focus_USS_investigate_internal_security	GFX_UAL_fight_corruption
politics	democratic	74	GFX_goal_generic_bastion_of_democracy	GFX_goal_generic_constitutional_monarchy	GFX_goal_generic_democracy	GFX_goal_generic_democracy_people	GFX_goal_generic_democratic_army	GFX_goal_generic_election	GFX_goal_generic_election_chaos	GFX_goal_generic_election_rigged	GFX_goal_generic_elections	GFX_goal_generic_industrial_democracy	GFX_goal_generic_internal_democracy	GFX_goal_generic_socialist_democracy	GFX_focus_generic_attack_republican_spain_focus	GFX_focus_generic_befriend_republican_spain_focus	GFX_focus_RUS_generic_bastion_of_democracy	GFX_goal_constitutional_monarchy	GFX_goal_democracy_people	GFX_goal_DKB_restore_democracy	GFX_goal_FNG_End_Republican_Warlords	GFX_goal_focus_lighthouse_of_democracy	GFX_goal_focus_proletariat_and_democracy	GFX_goal_goal_USA_Ensure_Election_Fairness	GFX_goal_HKG_Silence_Liberals	GFX_goal_ideology_social_liberal	GFX_goal_ITA_democracy	GFX_goal_ITA_republic	GFX_goal_ITA_republicanism	GFX_goal_LIB_election	GFX_goal_LIB_election2	GFX_goal_NEE_defend_freedom_from_democracy
politics	diplomacy	33	GFX_goal_generic_deadly_treaty	GFX_goal_generic_foreign_diplomacy	GFX_goal_generic_foreign_diplomacy2	GFX_goal_generic_foreign_investments	GFX_goal_generic_peaceful_diplomacy	GFX_goal_european_african_diplomacy	GFX_goal_naval_treaty	GFX_goal_NFA_foreign_legion	GFX_goal_venetia_treaty	GFX_CHI_focus_Expanding_foreign_investment	GFX_CHI_focus_Forced_nationalisation_foreign	GFX_focus_foreign_owned_factories	GFX_focus_JAP_attracting_foreign_capital	GFX_focus_RUS_champagne_diplomacy	GFX_focus_SKM_Foreign_Financed_Mechanization	GFX_focus_TUR_cornerstone_of_alliance	GFX_FRA_Gensokyo_Alliance	GFX_FRA_Pro_Western_diplomacy	GFX_GEU_FOREIGN_STU	GFX_new_treaty	GFX_TRY_Mika_diplomacy_focus_1_icon	GFX_TRY_Mika_diplomacy_focus_10_icon	GFX_TRY_Mika_diplomacy_focus_11_icon	GFX_TRY_Mika_diplomacy_focus_12_icon	GFX_TRY_Mika_diplomacy_focus_13_icon	GFX_TRY_Mika_diplomacy_focus_2_icon	GFX_TRY_Mika_diplomacy_focus_3_icon	GFX_TRY_Mika_diplomacy_focus_4_icon	GFX_TRY_Mika_diplomacy_focus_5_icon	GFX_TRY_Mika_diplomacy_focus_6_icon
politics	fascist	14	GFX_goal_generic_dictatorship_of_proletariat	GFX_goal_generic_fascist_bills	GFX_generic_authoritarian_government	GFX_goal_CHL_the_spread_of_fascism	GFX_goal_extensive_conscription_fascism	GFX_goal_fascism_banned	GFX_goal_fascist_factory	GFX_goal_focus_prc_cult_of_personality	GFX_goal_ideology_authoritarian_democrat	GFX_goal_ideology_paternal_autocrat	GFX_goal_ITA_dictator	GFX_goal_SOV_dictatorship_of_proletariat	GFX_FRA_Gensokyo_style_fascism	GFX_FRA_GFN_cult_of_personality
politics	freedom	22	GFX_goal_generic_freedom	GFX_goal_generic_liberty	GFX_goal_generic_red_freedom	GFX_goal_america_goal_freedom_fighters	GFX_goal_DKB_Liberation_Army	GFX_goal_Fight_for_Freedom	GFX_goal_focus_SOV_respect_baltic_self_determination	GFX_goal_liberty_ships	GFX_goal_NEE_defend_freedom_from_democracy	GFX_goal_NFA_All_For_the_Liberation	GFX_goal_NFA_guarantor_of_independence	GFX_goal_TRM_freedom	GFX_USA_goal_liberty_ships	GFX_CHI_focus_Expanding_economic_autonomy	GFX_CHI_focus_self_determination_personnel_matters	GFX_focus_NGL_land_of_freedom	GFX_FRA_Liberty_equality_fraternity_and_king	GFX_grant_autonomy	GFX_Oil_Independence	GFX_PRC_Start_War_of_Liberation	GFX_USA_Itsuka_Kotori_Defenders_of_freedom	PA1_fight_for_freedom
politics	intel	18	GFX_goal_generic_communist_secret_police	GFX_goal_generic_espionage	GFX_goal_generic_secret_police	GFX_goal_generic_secret_police_2	GFX_generic_espionage	GFX_goal_TRB_intelligence	GFX_DVL_Artificial_intelligence_assists_in_combat	GFX_DVL_Artificial_Intelligence_Project	GFX_DVL_Bavarian_Dispatch_of_intelligence_officers	GFX_DVL_Protective_surveillance_of_nationals	GFX_DVL_Rhineland_Dispatch_of_intelligence_officers	GFX_DVL_Schleswig_Holstein_Dispatch_of_intelligence_officers	GFX_focus_NGL_imperial_intelligence_agency	GFX_focus_NGL_restricted_intelligence_agency	GFX_focus_SGL_dispatch_intelligence_department	GFX_focus_USS_surveillance_infector_pickets	GFX_GER_Guard_against_ideological_infiltration	MGU_yuki_spy_infect
politics	law	37	GFX_goal_generic_banking_legislation	GFX_goal_generic_bills	GFX_goal_generic_business_bills	GFX_goal_generic_constitutional_monarchy	GFX_goal_generic_fascist_bills	GFX_goal_generic_martial_law	GFX_goal_generic_repeal_opressive_law	GFX_generic_banking_legislation	GFX_generic_suspend_constitution	GFX_goal_constitution	GFX_goal_constitution_focus	GFX_goal_constitutional_monarchy	GFX_goal_DOM_End_Judicial_Corruption	GFX_goal_ITA_law	GFX_goal_NFA_Restore_the_Suspended_Constitution	GFX_goal_repeal_political	GFX_goal_RUS_Adjust_Constitution	GFX_goal_RUS_New_Constitution	GFX_CHI_focus_formulate_provincial_constitutions	GFX_DVL_Control_laws_of_economic_development	GFX_focus_JAP_government_bill	GFX_focus_JAP_government_bill_nopass	GFX_focus_JAP_government_bill_pass	GFX_focus_JAP_new_law_used	GFX_focus_JAP_writing_new_law	GFX_focus_NGL_new_constitution	GFX_focus_NGL_perfecting_the_bill	GFX_focus_NGL_tear_up_false_law	GFX_focus_RUS_reform_voting_law	GFX_focus_TGI_old_fashion_conscription_law
politics	monarchy	132	GFX_goal_generic_banking	GFX_goal_generic_banking_legislation	GFX_goal_generic_constitutional_monarchy	GFX_goal_generic_royal_industry	GFX_generic_banking_legislation	GFX_goal_AUS_raised_working_week	GFX_goal_constitutional_monarchy	GFX_goal_COR_american_empire	GFX_goal_crush_monarchy	GFX_goal_CSA_protect_working_class	GFX_goal_FNG_Empires_Stockpile	GFX_goal_Fourth_empire	GFX_goal_goal_SRD_royalist_fervor	GFX_goal_japanese_imperialism	GFX_goal_NFA_July_Monarchy	GFX_goal_NFA_Royal_Corporatism	GFX_goal_POL_Albedo_king	GFX_goal_r56_goal_CHI_waking_the_tiger	GFX_goal_r56_goal_MAN_place_in_empire	GFX_goal_regent_bigger_than_emperor	GFX_goal_RUS_Denounce_Monarchist_Senate	GFX_goal_SOV_Working_Day	GFX_AUS_Restore_Sanity_Habsburg_Empire	GFX_CHI_focus_Hearts_of_Celestial_Empire	GFX_CHI_focus_Imperial_comeback	GFX_CHI_focus_Make_monarchy_Great_Again	GFX_CHI_focus_Royal_News	GFX_CHI_shared_rebuild_concept_of_imperial	GFX_DVL_All_king_courtier	GFX_DVL_All_king_land
politics	parliament	19	GFX_goal_generic_dissolve_parliament1	GFX_goal_generic_dissolve_parliament2	GFX_goal_generic_parliament	GFX_generic_parliament	GFX_goal_assembly_const_focus	GFX_goal_CSA_all_industrial_congress	GFX_goal_CSA_empower_congress	GFX_goal_dissolve_parliament	GFX_goal_focus_const_assembly	GFX_goal_RUS_Appease_Senate	GFX_goal_RUS_Denounce_Monarchist_Senate	GFX_goal_RUS_Dissolve_Duma	GFX_goal_USA_congress_released	GFX_focus_NGL_secret_assembly	GFX_focus_USS_imperial_parliament	GFX_focus_USS_parliament_stalled	GFX_focus_USS_removal_parliament	GFX_FRA_Parliamentary_reform	GFX_GRU_union_congress
politics	police	21	GFX_goal_generic_communist_secret_police	GFX_goal_generic_secret_police	GFX_goal_generic_secret_police_2	GFX_goal_america_goal_police_state	GFX_goal_BBR_jacobin_police	GFX_goal_KSV_follow_orders	GFX_goal_SIC_legionary_order	GFX_border_liaison_post	GFX_focus_NGL_old_order_wins	GFX_focus_TGI_arms_police_watch_workers	GFX_focus_TGI_fortress_on_border	GFX_focus_TGI_northern_border_base	GFX_focus_TRB_the_order_from_emperor	GFX_focus_USS_emperors_orders	GFX_focus_USS_imperial_police	GFX_focus_USS_investigate_internal_security	GFX_focus_USS_order_in_progress	GFX_FRA_European_New_Order	GFX_vnc_ocean_order	MGU_yuki_law_and_order	MGU_yuki_new_order
politics	propaganda	23	GFX_goal_generic_censorship	GFX_goal_generic_monarchic_oppression	GFX_goal_generic_oppression	GFX_goal_generic_repeal_opressive_law	GFX_goal_Control_propaganda_machine	GFX_goal_focus_media_industry	GFX_goal_SOV_big_news	GFX_goal_suppress_man	GFX_goal_TEX_media_propaganda	GFX_AFG_Oversee_The_press	GFX_CHI_focus_Royal_News	GFX_DVL_Bavarian_Infiltrate_propaganda	GFX_DVL_Rhineland_Infiltrate_propaganda	GFX_DVL_Schleswig_Holstein_Infiltrate_propaganda	GFX_focus_propaganda_soviet	GFX_focus_TGI_suppress_anger	GFX_focus_USS_continue_suppress_guerrillas	GFX_focus_USS_suppress_old_aristocracy	GFX_FRA_GFN_Kaguya_legitimacy_propaganda	GFX_FRA_GFN_Propaganda_of_national_glory	GFX_NFA_national_propaganda	GFX_UAL_propaganda_attack_from_sky	GFX_UAL_rise_oppressers
politics	puppet	5	GFX_generic_puppet_monarch	GFX_focus_USS_puppet_council	GFX_FRA_Puppet_tactics	MGU_yuki_magic_puppet	MGU_yuki_set_puppet
politics	religion	19	GFX_goal_generic_church_economy	GFX_goal_generic_crusade	GFX_goal_generic_friendship_with_church	GFX_goal_BBR_spiritual_patriotism	GFX_goal_DSR_Church	GFX_goal_ITA_church_economic	GFX_goal_SOV_spiritual_patriotism	GFX_CHI_focus_Taoist_priest_Army	GFX_CHI_focus_Taoist_priest_weapon	GFX_focus_neptune_integration_of_four_churches	GFX_focus_NGL_bishop	GFX_focus_rus_for_faith	GFX_focus_USS_empire_is_ultimate_faith	GFX_form_holy_roman_empire	GFX_holy_roma_empire	GFX_PAL_Heart_of_Holy_City	GFX_SWE_Reestablish_original_faith	GFX_SWE_Separation_of_church_and_state	GFX_USA_Reactionary_Church
politics	reparation	4	GFX_DVL_Bavarian_Pre_war_preparations	GFX_DVL_Rhineland_Pre_war_preparations	GFX_DVL_Schleswig_Holstein_Pre_war_preparations	GFX_UAL_distribute_fields
politics	secret	3	GFX_goal_generic_secret_documents	GFX_goal_LIB_hidden_gensokyo	GFX_goal_NFA_strike_hidden_socialism
politics	unity	31	GFX_goal_generic_attack_united_states	GFX_goal_generic_befriend_united_caribbean	GFX_goal_generic_befriend_united_states	GFX_goal_consolidating_coalitionv2	GFX_goal_FNG_unification_by_subjugation	GFX_goal_FNG_unification_conference	GFX_goal_ITA_reunited	GFX_goal_ITA_unification	GFX_goal_ITA_united	GFX_goal_NFA_Unity_through_struggle	GFX_goal_RUS_United_Russia	GFX_goal_RUS_unity	GFX_goal_SOV_coalition_of_opposition	GFX_goal_SOV_community_to_stand	GFX_goal_UKR_Coalition	GFX_CHI_focus_China_coalition_government	GFX_CHI_focus_unification_of_Central	GFX_consolidating_coalitionv2	GFX_focus_JAP_social_reconciliation	GFX_focus_JAP_united_protest	GFX_focus_rus_organic_solidarity	GFX_focus_TGI_together_fuckall_act	GFX_focus_TGI_together_we_are_strong	GFX_FRA_The_tengu_work_together	GFX_FRA_Unifying_Gensokyo	GFX_MAN_Mother_of_the_United_Province_of_China	GFX_MAN_Second_united_front	GFX_MAN_unity_and_compromise	GFX_PAL_signal_for_reconciliation	GFX_USA_North_American_United_Front
resource	all	3	GFX_goal_generic_all_resource	GFX_goal_All_resource	GFX_focus_continuous_extraction
resource	aluminum	1	GFX_kbz_resource_aluminium
resource	chrome	1	GFX_goal_generic_chromium
resource	coal	7	GFX_goal_generic_coal_mining	GFX_goal_consolidating_coalitionv2	GFX_goal_SOV_coalition_of_opposition	GFX_goal_UKR_Coalition	GFX_CHI_focus_China_coalition_government	GFX_consolidating_coalitionv2	GFX_focus_TRB_coal
resource	diamond	4	GFX_goal_generic_extraction_diamond	GFX_goal_generic_jungle_diamond	GFX_focus_USS_hegemonism	GFX_focus_USS_military_encouragement
resource	gold	16	GFX_goal_generic_economics_reform_gold	GFX_goal_generic_extraction_gold	GFX_goal_generic_gold	GFX_goal_generic_gold_money	GFX_goal_generic_jungle_gold	GFX_goal_generic_positive_trade_relations_gold	GFX_r56_goal_generic_gold	GFX_focus_generic_gold	GFX_generic_positive_trade_relations_gold	GFX_chained_by_gold	GFX_focus_neptune_authorized_golden	GFX_focus_TRB_gold_stock_up	GFX_FRA_military_horn_struck_gold_come	GFX_Golden_Foil_Relic	GFX_new_golden_witch	GFX_UAL_golden_ocean
resource	mining	65	GFX_goal_generic_armored_car_offensive	GFX_goal_generic_coal_mining	GFX_goal_generic_defense_of_the_shores	GFX_goal_generic_excavation_equipment	GFX_goal_generic_extraction_diamond	GFX_goal_generic_extraction_gold	GFX_goal_generic_famine	GFX_goal_generic_foreign_diplomacy	GFX_goal_generic_foreign_diplomacy2	GFX_goal_generic_foreign_investments	GFX_goal_generic_forest_warfare	GFX_goal_generic_mining_iron	GFX_goal_DKB_restore_democracy	GFX_goal_excavation	GFX_goal_famine	GFX_goal_JAP_Sword_Forever_Drawn	GFX_goal_more_poster	GFX_goal_NFA_foreign_legion	GFX_goal_NFA_Restore_the_Suspended_Constitution	GFX_goal_ore_disease	GFX_goal_TRB_build_more_complex	GFX_AUS_Restore_Sanity_Habsburg_Empire	GFX_CAN_explore_north	GFX_CHI_focus_Expanding_foreign_investment	GFX_CHI_focus_Forced_nationalisation_foreign	GFX_CHI_focus_Free_korea	GFX_CHI_focus_restore_old_country	GFX_emporer_mark	GFX_focus_continuous_extraction	GFX_focus_foreign_owned_factories
resource	nuclear	1	GFX_goal_generic_nuclear_energy
resource	oil	14	GFX_goal_generic_basic_oil	GFX_goal_generic_oil_refinery	GFX_goal_generic_oil_SPR	GFX_goal_desert_oil	GFX_goal_Further_Oil	GFX_goal_oil	GFX_goal_SAU_duoqu_oil	GFX_boil_the_sea	GFX_Boiling_Amazon_Water	GFX_Golden_Foil_Relic	GFX_Hold_Up_Red_Soil	GFX_kbz_resource_oil	GFX_Oil_Independence	GFX_Sugar_Is_Fuel
resource	rubber	2	GFX_focus_generic_rubber	GFX_goal_DEI_focus_moar_rubber
resource	tungsten	1	GFX_focus_generic_tungsten
society	culture	157	GFX_goal_focus_generic_agriculture	GFX_goal_generic_agriculture	GFX_goal_generic_agriculture2	GFX_goal_generic_army_artillery	GFX_goal_generic_artillery_factories	GFX_goal_generic_artillery_improved	GFX_goal_generic_combined_arms_artillery_antiair_antitank	GFX_goal_generic_martial_law	GFX_goal_generic_mobile_artillery_light	GFX_goal_generic_mobile_artillery_medium	GFX_goal_generic_multipartism	GFX_goal_generic_partisans	GFX_goal_generic_party_bottle	GFX_goal_generic_railway_artillery	GFX_goal_generic_rocket_artillery	GFX_r56_goal_generic_artillery	GFX_goal_AUS_agriculture	GFX_goal_BBR_american_traditions	GFX_goal_CHI_assume_intra_party_leadership	GFX_goal_COOP_new_culture	GFX_goal_FNG_Japanese_Culture	GFX_goal_focus_chi_party_net	GFX_goal_form_new_party	GFX_goal_FRA_soviet_culture	GFX_goal_goal_one_party	GFX_goal_HKG_One_Party	GFX_goal_KMT_Deepen_the_Party_State	GFX_goal_LIC_austrian_customs	GFX_goal_MAF_labor_charter	GFX_goal_magic_agriculture
society	environment	10	GFX_goal_generic_forest_warfare	GFX_goal_generic_jungle_diamond	GFX_goal_generic_jungle_gold	GFX_goal_generic_jungle_warfare	GFX_goal_focus_SOV_transformation_of_nature	GFX_Boiling_Amazon_Water	GFX_Clinic_In_Jungle	GFX_focus_NGL_in_the_jungle	GFX_focus_NPT_Blanc_life_and_growth_in_nature	MGU_yuki_conservation
society	refugee	2	GFX_goal_POL_exile_of_Manna	GFX_czech_immigration
society	sport	4	GFX_focus_NGL_transportation_network	GFX_focus_USS_rebuild_transportation_system	GFX_FRA_All_out_competition	GFX_UAL_do_they_have_soccer_in_ursus
society	women	12	GFX_goal_SOV_chairwoman_Anna	GFX_goal_SOV_chairwoman_Averell	GFX_goal_SOV_chairwoman_Talulah	GFX_goal_SOV_Sakura_chairwoman	GFX_goal_SOV_Women	GFX_goal_SOV_youjun_girl	GFX_goal_womens_rights	GFX_goal_womens_rights2	GFX_focus_BAL_swordswoman_academy_expansion	GFX_focus_JAP_free_woman	GFX_focus_MGU_male_magicgirl	GFX_FRA_Valiant_girls_go_to_war
society	youth	4	GFX_goal_NFA_Youth_Devotion	GFX_goal_Youth_army_of_Yuan	GFX_FRA_GFN_Reisen_Youth_League	GFX_UBR_hitler_youth
tech	chemistry	1	GFX_GRU_CORPORATE_CHEMICAL
tech	computer	4	GFX_goal_TRB_computer	GFX_DVL_Computing_power_leaps	GFX_DVL_Promote_cybernetic_research	GFX_focus_era_of_handheld_computers
tech	education	27	GFX_goal_focus_generic_university	GFX_goal_generic_catholic_education	GFX_goal_generic_christian_education	GFX_goal_generic_education	GFX_goal_generic_islamic_education	GFX_goal_GFX_establishmentofreeducationcamps	GFX_goal_Hiring_international_students	GFX_goal_RUS_National_High_Command_Formation_School	GFX_focus_BUL_university_sofia	GFX_focus_NGL_education_popularization	GFX_focus_NGL_education_recovery	GFX_focus_NGL_reopen_university	GFX_focus_TGI_reopen_old_days_mil_school	GFX_focus_USS_rebuild_education_system	GFX_FRA_education_of_Fujiwara_no_Mokou	GFX_GEU_YIWU_EDUCATION	GFX_GRU_higher_education_grants	GFX_kaz_school_pp	GFX_literacy_for_survival	GFX_MAF_divest_native_education	GFX_Schools_Before_Foundries	GFX_SWE_Warrior_education	GFX_teach_literacy	GFX_UAL_deeper_education_reformation	GFX_UAL_education_on_brain	GFX_UAL_educational_reformation	MGU_yuki_set_army_school
tech	medical	11	GFX_goal_generic_medicine_crescent	GFX_goal_focus_healthcare_program	GFX_goal_ITA_healthcare	GFX_goal_medicine	GFX_goal_public_health_commission	GFX_focus_NGL_healthy_people	GFX_focus_NGL_medical_institution	GFX_focus_TGI_good_for_your_health	GFX_kaz_doctor_Kelsey	GFX_UAL_improve_epidemic_prevention_system	MGU_yuki_ship_doctorine
tech	radio	9	GFX_goal_generic_control_the_radio	GFX_goal_generic_radar2	GFX_goal_generic_radio_development	GFX_goal_generic_radio_development_2	GFX_generic_radar_instillation	GFX_goal_radio	GFX_DVL_radio	GFX_electronics	GFX_UAL_revolutionary_broadcasting
tech	research	24	GFX_goal_generic_double_research	GFX_goal_generic_military_research	GFX_goal_generic_military_research_2	GFX_goal_life_sciences	GFX_goal_research_silver	GFX_goal_research_silver_cooperation	GFX_goal_SOV_research_automatic_machinery	GFX_goal_TRM_Scientific_Investment	GFX_AUS_Research_on_new_types_of_armor	GFX_DVL_Advancing_biomimetic_neural_network_research	GFX_DVL_Advancing_transistor_research	GFX_DVL_Integrating_European_research_force	GFX_DVL_Leap_forward_in_materials_science	GFX_DVL_Nasalik_Scientific_Research_Society	GFX_DVL_Promote_cybernetic_research	GFX_focus_NGL_gaul_academy_of_sciences	GFX_FRA_Automechanical_research	GFX_FRA_Research_on_new_types_of_aircraft	GFX_GEU_SCIENCE_MANAGE	GFX_goalSOV_research_automatic_machinery	GFX_great_science	GFX_kaz_research_pp	GFX_PRC_No_conscience_cannon	GFX_UAL_scientific_Way_of_training
tech	space	1	GFX_focus_DVL_orbital_bombardment